{"name":"LevelSelect","tabColor":[0.8999999999999999,0.8000000000000002,0.9999999999999999,1],"tabTextColor":null,"uiState":{"viewsUIState":[{"scroll":0,"eventSheetView":{"conditionsColumnWidth":-13.77469389648438,"conditionNameCellWidth":-113.77469389648438,"actionNameCellWidth":-14.77469389648438,"fontSizeEm":1}}],"bookmark":false,"eventsUIState":[]}}